<?xml version="1.0" encoding="utf-8"?>
<!DOCTYPE hibernate-mapping PUBLIC 
 "-//Hibernate/Hibernate Mapping DTD 3.0//EN"
 "http://www.hibernate.org/dtd/hibernate-mapping-3.0.dtd">
<hibernate-mapping>
	<class name="com.tedu.entity.Book" 
			table="Student">
		<!-- name对应类的属性，column对应数据库列名， -->
		<!-- 定义主键映射 -->
		<id name="id" column="b_id" type="int">
			<!-- identity是指id采用自增策略 -->
			<generator class="identity"></generator>
		</id>
		<!-- 定义非主键映射 -->
		<property name="name" column="b_name" 
			type="string">
		</property>
		<many-to-one name="user" column="b_userid"
			class="com.tedu.entity.User"></many-to-one>
	</class>
</hibernate-mapping>