<?xml version='1.0' encoding='UTF-8'?>
<!DOCTYPE hibernate-configuration PUBLIC
	"-//Hibernate/Hibernate Configuration DTD 3.0//EN"
	"http://www.hibernate.org/dtd/hibernate-configuration-3.0.dtd">
<hibernate-configuration>

	<session-factory>
		<property name="dialect">
			org.hibernate.dialect.MySQLDialect
		</property>
		<property name="connection.url">
jdbc:mysql://localhost:3306/cloud_note?useUnicode=true&amp;characterEncoding=utf8
		</property>
		<property name="connection.username">root</property>
		<property name="connection.password">root</property>
		<property name="connection.driver_class">
			com.mysql.jdbc.Driver
		</property>
		<!-- 自动显示SQL语句 -->
		<property name="show_sql">true</property>
		<!-- 加载映射描述文件 -->
		<mapping resource="Student.hbm.xml" />
		<mapping resource="Teacher.hbm.xml" />
		<mapping resource="User.hbm.xml"/>
		<mapping resource="Book.hbm.xml"/>
	</session-factory>

</hibernate-configuration>