<?xml version="1.0" encoding="utf-8"?>
<!DOCTYPE hibernate-mapping PUBLIC 
 "-//Hibernate/Hibernate Mapping DTD 3.0//EN"
 "http://www.hibernate.org/dtd/hibernate-mapping-3.0.dtd">
<hibernate-mapping>
	<class name="com.tedu.entity.User" 
			table="User">
		<!-- name对应类的属性，column对应数据库列名， -->
		<!-- 定义主键映射 -->
		<id name="id" column="u_id" type="int">
			<!-- identity是指id采用自增策略 -->
			<generator class="identity"></generator>
		</id>
		<!-- 定义非主键映射 -->
		<property name="name" column="u_name" 
			type="string">
		</property>
		<set name="books">
			<key column="b_userid"></key><!-- 对方表外键 -->
			<one-to-many class="com.tedu.entity.Book"/>
		</set>
	</class>
</hibernate-mapping>