<?xml version="1.0" encoding="UTF-8" ?>
<!DOCTYPE struts PUBLIC
    "-//Apache Software Foundation//DTD Struts Configuration 2.1.7//EN"
    "http://struts.apache.org/dtds/struts-2.1.7.dtd">

<struts>
	<package name="user" namespace="/user" extends="json-default">
		<action name="login" class="userAction" method="login">
			<result name="success" type="json">
				<param name="root">result</param>
			</result>
		</action>
		<action name="list" class="userAction" method="list">
			<result name="success">/WEB-INF/list-user.jsp</result>
			<result name="error">/WEB-INF/error.jsp</result>
		</action>
	</package>
</struts>



