<?xml version="1.0" encoding="utf-8"?>
<!DOCTYPE hibernate-mapping PUBLIC 
 "-//Hibernate/Hibernate Mapping DTD 3.0//EN"
 "http://www.hibernate.org/dtd/hibernate-mapping-3.0.dtd">
<hibernate-mapping>
	<class name="com.tedu.note.entity.User" 
			table="cn_user">
		<id name="id" column="cn_user_id" type="string">
		</id>
		<property name="name" column="cn_user_name"
			type="string"></property>
		<property name="password" column="cn_user_pwd"
			type="string"/>
		<property name="token" column="cn_user_token"
			type="string"></property>
		<property name="nick" column="cn_user_nick"
			type="string"></property>
	</class>
</hibernate-mapping>