<?xml version="1.0" encoding="UTF-8" ?>
<!DOCTYPE struts PUBLIC
    "-//Apache Software Foundation//DTD Struts Configuration 2.1.7//EN"
    "http://struts.apache.org/dtds/struts-2.1.7.dtd">

<struts>
	<package name="test" namespace="/test" extends="struts-default">
		<interceptors>
			<interceptor name="demo" 
				class="com.tedu.web.DemoInterceptor"></interceptor>
		</interceptors>
		<!-- 在有了Spring plugin以后，action的class属性就可以使用Spring组件的ID了 -->
		<action name="hello" class="helloAction">
			<interceptor-ref name="demo"/>
			<result name="success">
				/WEB-INF/msg.jsp
			</result>
		</action>
		<!-- 测试重定向 -->
		<action name="demo" class="demoAction">
			<result name="error" type="redirectAction">
				hello
			</result>
		</action>
		<action name="code" class="codeAction">
			<result name="success" type="stream">
				<param name="contentType">image/png</param>
				<param name="inputName">png</param>
				<!-- 有此属性为下载文件，没有为打开文件 -->
				<param name="contentDisposition">attachment;filename="document.pdf"</param>
				<param name="bufferSize">1024</param>
			</result>
		</action>
	</package>
	<package name="jsondemo" namespace="/json" extends="json-default">
		<action name="demo" class="jsonAction">
			<result name="success" type="json">
				<!-- 其中，value是Action的属性名，可以将value类型定义为集合，
				这样就可以将单个数据发送到客户端了 -->
				<param name="root">value</param>
			</result>
		</action>
	</package>
</struts>



